frame.time_delta,frame.time_delta_displayed,frame.time_epoch,frame.time_relative,frame.time_invalid,ip.src,ip.dst,tcp.srcport,tcp.dstport,tcp.stream,tcp.payload,eth.src,eth.dst,frame.cap_len,frame.encap_type,frame.len,frame.number,mqtt.clientid,mqtt.clientid_len,mqtt.conack.flags,mqtt.conack.flags.sp,mqtt.conack.val,mqtt.conflag.cleansess,mqtt.conflag.passwd,mqtt.conflag.qos,mqtt.conflag.reserved,mqtt.conflag.retain,mqtt.conflag.uname,mqtt.conflag.willflag,mqtt.conflags,mqtt.dupflag,mqtt.hdrflags,mqtt.kalive,mqtt.len,mqtt.msg,mqtt.msgtype,mqtt.msgid,mqtt.passwd,mqtt.passwd_len,mqtt.proto_len,mqtt.protoname,mqtt.qos,mqtt.retain,mqtt.sub.qos,mqtt.suback.qos,mqtt.topic,mqtt.topic_len,mqtt.username,mqtt.username_len,mqtt.ver,mqtt.willmsg,mqtt.willmsg_len,mqtt.willtopic,mqtt.willtopic_len
0.000085,0,1736880568,547.84257,,192.168.18.17,192.168.2.1,59855,1883,0,100c00044d5154540402003c0000,02:42:52:d7:fa:00,0c:6e:9c:16:00:00,80,1,80,233,,0,,,,TRUE,FALSE,0,FALSE,FALSE,FALSE,FALSE,0x02,,0x10,60,12,,1,,,,4,MQTT,,,,,,,,,4,,,,
0.000225,0.005163,1736880568,547.847733,,192.168.18.17,192.168.2.1,59855,1883,0,30c8090024636974792f6169722f73656e736f722d696f7473696d2d6169722d7175616c6974792d313c3f786d6c2076657273696f6e3d22312e302220656e636f64696e673d225554462d38223f3e3c726f6f743e3c446174653e3c76616c75653e31302f30332f323030343c2f76616c75653e3c756e69743e44442f4d4d2f595959593c2f756e69743e3c2f446174653e3c54696d653e3c76616c75653e31392e30302e30303c2f76616c75653e3c756e69743e48482e4d4d2e53533c2f756e69743e3c2f54696d653e3c434f5f47543e3c76616c75653e322e303c2f76616c75653e3c756e69743e434f20696e206d672f6d5e333c2f756e69743e3c2f434f5f47543e3c505430382e53315f434f3e3c76616c75653e313239322e303c2f76616c75653e3c756e69743e74696e206f786964652073656e736f7220726573706f6e73653c2f756e69743e3c2f505430382e53315f434f3e3c4e4d48435f47543e3c76616c75653e3131322e303c2f76616c75653e3c756e69743e4e6f6e204d6574616e696320487964726f436172626f6e7320636f6e63656e74726174696f6e20696e206d6963726f672f6d5e333c2f756e69743e3c2f4e4d48435f47543e3c433648365f47543e3c76616c75653e392e343c2f76616c75653e3c756e69743e42656e7a656e6520636f6e63656e74726174696f6e20696e206d6963726f672f6d5e333c2f756e69743e3c2f433648365f47543e3c505430382e53325f4e4d48433e3c76616c75653e3935352e303c2f76616c75653e3c756e69743e746974616e69612073656e736f7220726573706f6e73653c2f756e69743e3c2f505430382e53325f4e4d48433e3c4e4f785f47543e3c76616c75653e3130332e303c2f76616c75653e3c756e69743e4e4f7820636f6e63656e74726174696f6e20696e207070623c2f756e69743e3c2f4e4f785f47543e3c505430382e53335f4e4f783e3c76616c75653e313137342e303c2f76616c75653e3c756e69743e74756e677374656e206f786964652073656e736f7220726573706f6e73653c2f756e69743e3c2f505430382e53335f4e4f783e3c4e4f325f47543e3c76616c75653e39322e303c2f76616c75653e3c756e69743e4e4f3220636f6e63656e74726174696f6e20696e206d6963726f672f6d5e333c2f756e69743e3c2f4e4f325f47543e3c505430382e53345f4e4f323e3c76616c75653e313535392e303c2f76616c75653e3c756e69743e74756e677374656e206f786964652073656e736f7220726573706f6e73653c2f756e69743e3c2f505430382e53345f4e4f323e3c505430382e53355f4f333e3c76616c75653e3937322e303c2f76616c75653e3c756e69743e696e6469756d206f786964652073656e736f7220726573706f6e73653c2f756e69743e3c2f505430382e53355f4f333e3c54656d70657261747572653e3c76616c75653e31332e333c2f76616c75653e3c756e69743ec2b0433c2f756e69743e3c2f54656d70657261747572653e3c52656c61746976655f48756d69646974793e3c76616c75653e34372e373c2f76616c75653e3c756e69743e253c2f756e69743e3c2f52656c61746976655f48756d69646974793e3c4162736f6c7574655f48756d69646974793e302e373235353c2f4162736f6c7574655f48756d69646974793e3c2f726f6f743e,02:42:52:d7:fa:00,0c:6e:9c:16:00:00,1293,1,1293,237,,,,,,,,,,,,,,FALSE,0x30,,1224,3c3f786d6c2076657273696f6e3d22312e302220656e636f64696e673d225554462d38223f3e3c726f6f743e3c446174653e3c76616c75653e31302f30332f323030343c2f76616c75653e3c756e69743e44442f4d4d2f595959593c2f756e69743e3c2f446174653e3c54696d653e3c76616c75653e31392e30302e30303c2f76616c75653e3c756e69743e48482e4d4d2e53533c2f756e69743e3c2f54696d653e3c434f5f47543e3c76616c75653e322e303c2f76616c75653e3c756e69743e434f20696e206d672f6d5e333c2f756e69743e3c2f434f5f47543e3c505430382e53315f434f3e3c76616c75653e313239322e303c2f76616c75653e3c756e69743e74696e206f786964652073656e736f7220726573706f6e73653c2f756e69743e3c2f505430382e53315f434f3e3c4e4d48435f47543e3c76616c75653e3131322e303c2f76616c75653e3c756e69743e4e6f6e204d6574616e696320487964726f436172626f6e7320636f6e63656e74726174696f6e20696e206d6963726f672f6d5e333c2f756e69743e3c2f4e4d48435f47543e3c433648365f47543e3c76616c75653e392e343c2f76616c75653e3c756e69743e42656e7a656e6520636f6e63656e74726174696f6e20696e206d6963726f672f6d5e333c2f756e69743e3c2f433648365f47543e3c505430382e53325f4e4d48433e3c76616c75653e3935352e303c2f76616c75653e3c756e69743e746974616e69612073656e736f7220726573706f6e73653c2f756e69743e3c2f505430382e53325f4e4d48433e3c4e4f785f47543e3c76616c75653e3130332e303c2f76616c75653e3c756e69743e4e4f7820636f6e63656e74726174696f6e20696e207070623c2f756e69743e3c2f4e4f785f47543e3c505430382e53335f4e4f783e3c76616c75653e313137342e303c2f76616c75653e3c756e69743e74756e677374656e206f786964652073656e736f7220726573706f6e73653c2f756e69743e3c2f505430382e53335f4e4f783e3c4e4f325f47543e3c76616c75653e39322e303c2f76616c75653e3c756e69743e4e4f3220636f6e63656e74726174696f6e20696e206d6963726f672f6d5e333c2f756e69743e3c2f4e4f325f47543e3c505430382e53345f4e4f323e3c76616c75653e313535392e303c2f76616c75653e3c756e69743e74756e677374656e206f786964652073656e736f7220726573706f6e73653c2f756e69743e3c2f505430382e53345f4e4f323e3c505430382e53355f4f333e3c76616c75653e3937322e303c2f76616c75653e3c756e69743e696e6469756d206f786964652073656e736f7220726573706f6e73653c2f756e69743e3c2f505430382e53355f4f333e3c54656d70657261747572653e3c76616c75653e31332e333c2f76616c75653e3c756e69743ec2b0433c2f756e69743e3c2f54656d70657261747572653e3c52656c61746976655f48756d69646974793e3c76616c75653e34372e373c2f76616c75653e3c756e69743e253c2f756e69743e3c2f52656c61746976655f48756d69646974793e3c4162736f6c7574655f48756d69646974793e302e373235353c2f4162736f6c7574655f48756d69646974793e3c2f726f6f743e,3,,,,,,0,FALSE,,,Air_quality,36,,,,,,,
0.000064,0.000064,1736880568,547.847797,,192.168.18.17,192.168.2.1,59855,1883,0,e000,02:42:52:d7:fa:00,0c:6e:9c:16:00:00,68,1,68,238,,,,,,,,,,,,,,,0xe0,,0,,14,,,,,,,,,,,,,,,,,,
0.00008,603.281636,1736881171,1151.129433,,192.168.18.17,192.168.2.1,59223,1883,1,100c00044d5154540402003c0000,02:42:52:d7:fa:00,0c:6e:9c:16:00:00,80,1,80,431,,0,,,,TRUE,FALSE,0,FALSE,FALSE,FALSE,FALSE,0x02,,0x10,60,12,,1,,,,4,MQTT,,,,,,,,,4,,,,
0.000217,0.007778,1736881171,1151.137211,,192.168.18.17,192.168.2.1,59223,1883,1,30c9090024636974792f6169722f73656e736f722d696f7473696d2d6169722d7175616c6974792d313c3f786d6c2076657273696f6e3d22312e302220656e636f64696e673d225554462d38223f3e3c726f6f743e3c446174653e3c76616c75653e31302f30332f323030343c2f76616c75653e3c756e69743e44442f4d4d2f595959593c2f756e69743e3c2f446174653e3c54696d653e3c76616c75653e32302e30302e30303c2f76616c75653e3c756e69743e48482e4d4d2e53533c2f756e69743e3c2f54696d653e3c434f5f47543e3c76616c75653e322e323c2f76616c75653e3c756e69743e434f20696e206d672f6d5e333c2f756e69743e3c2f434f5f47543e3c505430382e53315f434f3e3c76616c75653e313430322e303c2f76616c75653e3c756e69743e74696e206f786964652073656e736f7220726573706f6e73653c2f756e69743e3c2f505430382e53315f434f3e3c4e4d48435f47543e3c76616c75653e38382e303c2f76616c75653e3c756e69743e4e6f6e204d6574616e696320487964726f436172626f6e7320636f6e63656e74726174696f6e20696e206d6963726f672f6d5e333c2f756e69743e3c2f4e4d48435f47543e3c433648365f47543e3c76616c75653e392e303c2f76616c75653e3c756e69743e42656e7a656e6520636f6e63656e74726174696f6e20696e206d6963726f672f6d5e333c2f756e69743e3c2f433648365f47543e3c505430382e53325f4e4d48433e3c76616c75653e3933392e303c2f76616c75653e3c756e69743e746974616e69612073656e736f7220726573706f6e73653c2f756e69743e3c2f505430382e53325f4e4d48433e3c4e4f785f47543e3c76616c75653e3133312e303c2f76616c75653e3c756e69743e4e4f7820636f6e63656e74726174696f6e20696e207070623c2f756e69743e3c2f4e4f785f47543e3c505430382e53335f4e4f783e3c76616c75653e313134302e303c2f76616c75653e3c756e69743e74756e677374656e206f786964652073656e736f7220726573706f6e73653c2f756e69743e3c2f505430382e53335f4e4f783e3c4e4f325f47543e3c76616c75653e3131342e303c2f76616c75653e3c756e69743e4e4f3220636f6e63656e74726174696f6e20696e206d6963726f672f6d5e333c2f756e69743e3c2f4e4f325f47543e3c505430382e53345f4e4f323e3c76616c75653e313535352e303c2f76616c75653e3c756e69743e74756e677374656e206f786964652073656e736f7220726573706f6e73653c2f756e69743e3c2f505430382e53345f4e4f323e3c505430382e53355f4f333e3c76616c75653e313037342e303c2f76616c75653e3c756e69743e696e6469756d206f786964652073656e736f7220726573706f6e73653c2f756e69743e3c2f505430382e53355f4f333e3c54656d70657261747572653e3c76616c75653e31312e393c2f76616c75653e3c756e69743ec2b0433c2f756e69743e3c2f54656d70657261747572653e3c52656c61746976655f48756d69646974793e3c76616c75653e35342e303c2f76616c75653e3c756e69743e253c2f756e69743e3c2f52656c61746976655f48756d69646974793e3c4162736f6c7574655f48756d69646974793e302e373530323c2f4162736f6c7574655f48756d69646974793e3c2f726f6f743e,02:42:52:d7:fa:00,0c:6e:9c:16:00:00,1294,1,1294,435,,,,,,,,,,,,,,FALSE,0x30,,1225,3c3f786d6c2076657273696f6e3d22312e302220656e636f64696e673d225554462d38223f3e3c726f6f743e3c446174653e3c76616c75653e31302f30332f323030343c2f76616c75653e3c756e69743e44442f4d4d2f595959593c2f756e69743e3c2f446174653e3c54696d653e3c76616c75653e32302e30302e30303c2f76616c75653e3c756e69743e48482e4d4d2e53533c2f756e69743e3c2f54696d653e3c434f5f47543e3c76616c75653e322e323c2f76616c75653e3c756e69743e434f20696e206d672f6d5e333c2f756e69743e3c2f434f5f47543e3c505430382e53315f434f3e3c76616c75653e313430322e303c2f76616c75653e3c756e69743e74696e206f786964652073656e736f7220726573706f6e73653c2f756e69743e3c2f505430382e53315f434f3e3c4e4d48435f47543e3c76616c75653e38382e303c2f76616c75653e3c756e69743e4e6f6e204d6574616e696320487964726f436172626f6e7320636f6e63656e74726174696f6e20696e206d6963726f672f6d5e333c2f756e69743e3c2f4e4d48435f47543e3c433648365f47543e3c76616c75653e392e303c2f76616c75653e3c756e69743e42656e7a656e6520636f6e63656e74726174696f6e20696e206d6963726f672f6d5e333c2f756e69743e3c2f433648365f47543e3c505430382e53325f4e4d48433e3c76616c75653e3933392e303c2f76616c75653e3c756e69743e746974616e69612073656e736f7220726573706f6e73653c2f756e69743e3c2f505430382e53325f4e4d48433e3c4e4f785f47543e3c76616c75653e3133312e303c2f76616c75653e3c756e69743e4e4f7820636f6e63656e74726174696f6e20696e207070623c2f756e69743e3c2f4e4f785f47543e3c505430382e53335f4e4f783e3c76616c75653e313134302e303c2f76616c75653e3c756e69743e74756e677374656e206f786964652073656e736f7220726573706f6e73653c2f756e69743e3c2f505430382e53335f4e4f783e3c4e4f325f47543e3c76616c75653e3131342e303c2f76616c75653e3c756e69743e4e4f3220636f6e63656e74726174696f6e20696e206d6963726f672f6d5e333c2f756e69743e3c2f4e4f325f47543e3c505430382e53345f4e4f323e3c76616c75653e313535352e303c2f76616c75653e3c756e69743e74756e677374656e206f786964652073656e736f7220726573706f6e73653c2f756e69743e3c2f505430382e53345f4e4f323e3c505430382e53355f4f333e3c76616c75653e313037342e303c2f76616c75653e3c756e69743e696e6469756d206f786964652073656e736f7220726573706f6e73653c2f756e69743e3c2f505430382e53355f4f333e3c54656d70657261747572653e3c76616c75653e31312e393c2f76616c75653e3c756e69743ec2b0433c2f756e69743e3c2f54656d70657261747572653e3c52656c61746976655f48756d69646974793e3c76616c75653e35342e303c2f76616c75653e3c756e69743e253c2f756e69743e3c2f52656c61746976655f48756d69646974793e3c4162736f6c7574655f48756d69646974793e302e373530323c2f4162736f6c7574655f48756d69646974793e3c2f726f6f743e,3,,,,,,0,FALSE,,,Air_quality,36,,,,,,,
0.000059,0.000059,1736881171,1151.13727,,192.168.18.17,192.168.2.1,59223,1883,1,e000,02:42:52:d7:fa:00,0c:6e:9c:16:00:00,68,1,68,436,,,,,,,,,,,,,,,0xe0,,0,,14,,,,,,,,,,,,,,,,,,
0.000091,628.424521,1736881800,1779.561791,,192.168.18.17,192.168.2.1,47339,1883,2,100c00044d5154540402003c0000,02:42:52:d7:fa:00,0c:6e:9c:16:00:00,80,1,80,611,,0,,,,TRUE,FALSE,0,FALSE,FALSE,FALSE,FALSE,0x02,,0x10,60,12,,1,,,,4,MQTT,,,,,,,,,4,,,,
0.000225,0.005928,1736881800,1779.567719,,192.168.18.17,192.168.2.1,47339,1883,2,30c9090024636974792f6169722f73656e736f722d696f7473696d2d6169722d7175616c6974792d313c3f786d6c2076657273696f6e3d22312e302220656e636f64696e673d225554462d38223f3e3c726f6f743e3c446174653e3c76616c75653e31302f30332f323030343c2f76616c75653e3c756e69743e44442f4d4d2f595959593c2f756e69743e3c2f446174653e3c54696d653e3c76616c75653e32312e30302e30303c2f76616c75653e3c756e69743e48482e4d4d2e53533c2f756e69743e3c2f54696d653e3c434f5f47543e3c76616c75653e322e323c2f76616c75653e3c756e69743e434f20696e206d672f6d5e333c2f756e69743e3c2f434f5f47543e3c505430382e53315f434f3e3c76616c75653e313337362e303c2f76616c75653e3c756e69743e74696e206f786964652073656e736f7220726573706f6e73653c2f756e69743e3c2f505430382e53315f434f3e3c4e4d48435f47543e3c76616c75653e38302e303c2f76616c75653e3c756e69743e4e6f6e204d6574616e696320487964726f436172626f6e7320636f6e63656e74726174696f6e20696e206d6963726f672f6d5e333c2f756e69743e3c2f4e4d48435f47543e3c433648365f47543e3c76616c75653e392e323c2f76616c75653e3c756e69743e42656e7a656e6520636f6e63656e74726174696f6e20696e206d6963726f672f6d5e333c2f756e69743e3c2f433648365f47543e3c505430382e53325f4e4d48433e3c76616c75653e3934382e303c2f76616c75653e3c756e69743e746974616e69612073656e736f7220726573706f6e73653c2f756e69743e3c2f505430382e53325f4e4d48433e3c4e4f785f47543e3c76616c75653e3137322e303c2f76616c75653e3c756e69743e4e4f7820636f6e63656e74726174696f6e20696e207070623c2f756e69743e3c2f4e4f785f47543e3c505430382e53335f4e4f783e3c76616c75653e313039322e303c2f76616c75653e3c756e69743e74756e677374656e206f786964652073656e736f7220726573706f6e73653c2f756e69743e3c2f505430382e53335f4e4f783e3c4e4f325f47543e3c76616c75653e3132322e303c2f76616c75653e3c756e69743e4e4f3220636f6e63656e74726174696f6e20696e206d6963726f672f6d5e333c2f756e69743e3c2f4e4f325f47543e3c505430382e53345f4e4f323e3c76616c75653e313538342e303c2f76616c75653e3c756e69743e74756e677374656e206f786964652073656e736f7220726573706f6e73653c2f756e69743e3c2f505430382e53345f4e4f323e3c505430382e53355f4f333e3c76616c75653e313230332e303c2f76616c75653e3c756e69743e696e6469756d206f786964652073656e736f7220726573706f6e73653c2f756e69743e3c2f505430382e53355f4f333e3c54656d70657261747572653e3c76616c75653e31312e303c2f76616c75653e3c756e69743ec2b0433c2f756e69743e3c2f54656d70657261747572653e3c52656c61746976655f48756d69646974793e3c76616c75653e36302e303c2f76616c75653e3c756e69743e253c2f756e69743e3c2f52656c61746976655f48756d69646974793e3c4162736f6c7574655f48756d69646974793e302e373836373c2f4162736f6c7574655f48756d69646974793e3c2f726f6f743e,02:42:52:d7:fa:00,0c:6e:9c:16:00:00,1294,1,1294,615,,,,,,,,,,,,,,FALSE,0x30,,1225,3c3f786d6c2076657273696f6e3d22312e302220656e636f64696e673d225554462d38223f3e3c726f6f743e3c446174653e3c76616c75653e31302f30332f323030343c2f76616c75653e3c756e69743e44442f4d4d2f595959593c2f756e69743e3c2f446174653e3c54696d653e3c76616c75653e32312e30302e30303c2f76616c75653e3c756e69743e48482e4d4d2e53533c2f756e69743e3c2f54696d653e3c434f5f47543e3c76616c75653e322e323c2f76616c75653e3c756e69743e434f20696e206d672f6d5e333c2f756e69743e3c2f434f5f47543e3c505430382e53315f434f3e3c76616c75653e313337362e303c2f76616c75653e3c756e69743e74696e206f786964652073656e736f7220726573706f6e73653c2f756e69743e3c2f505430382e53315f434f3e3c4e4d48435f47543e3c76616c75653e38302e303c2f76616c75653e3c756e69743e4e6f6e204d6574616e696320487964726f436172626f6e7320636f6e63656e74726174696f6e20696e206d6963726f672f6d5e333c2f756e69743e3c2f4e4d48435f47543e3c433648365f47543e3c76616c75653e392e323c2f76616c75653e3c756e69743e42656e7a656e6520636f6e63656e74726174696f6e20696e206d6963726f672f6d5e333c2f756e69743e3c2f433648365f47543e3c505430382e53325f4e4d48433e3c76616c75653e3934382e303c2f76616c75653e3c756e69743e746974616e69612073656e736f7220726573706f6e73653c2f756e69743e3c2f505430382e53325f4e4d48433e3c4e4f785f47543e3c76616c75653e3137322e303c2f76616c75653e3c756e69743e4e4f7820636f6e63656e74726174696f6e20696e207070623c2f756e69743e3c2f4e4f785f47543e3c505430382e53335f4e4f783e3c76616c75653e313039322e303c2f76616c75653e3c756e69743e74756e677374656e206f786964652073656e736f7220726573706f6e73653c2f756e69743e3c2f505430382e53335f4e4f783e3c4e4f325f47543e3c76616c75653e3132322e303c2f76616c75653e3c756e69743e4e4f3220636f6e63656e74726174696f6e20696e206d6963726f672f6d5e333c2f756e69743e3c2f4e4f325f47543e3c505430382e53345f4e4f323e3c76616c75653e313538342e303c2f76616c75653e3c756e69743e74756e677374656e206f786964652073656e736f7220726573706f6e73653c2f756e69743e3c2f505430382e53345f4e4f323e3c505430382e53355f4f333e3c76616c75653e313230332e303c2f76616c75653e3c756e69743e696e6469756d206f786964652073656e736f7220726573706f6e73653c2f756e69743e3c2f505430382e53355f4f333e3c54656d70657261747572653e3c76616c75653e31312e303c2f76616c75653e3c756e69743ec2b0433c2f756e69743e3c2f54656d70657261747572653e3c52656c61746976655f48756d69646974793e3c76616c75653e36302e303c2f76616c75653e3c756e69743e253c2f756e69743e3c2f52656c61746976655f48756d69646974793e3c4162736f6c7574655f48756d69646974793e302e373836373c2f4162736f6c7574655f48756d69646974793e3c2f726f6f743e,3,,,,,,0,FALSE,,,Air_quality,36,,,,,,,
0.000067,0.000067,1736881800,1779.567786,,192.168.18.17,192.168.2.1,47339,1883,2,e000,02:42:52:d7:fa:00,0c:6e:9c:16:00:00,68,1,68,616,,,,,,,,,,,,,,,0xe0,,0,,14,,,,,,,,,,,,,,,,,,
0.000084,602.794763,1736882402,2382.362549,,192.168.18.17,192.168.2.1,32821,1883,3,100c00044d5154540402003c0000,02:42:52:d7:fa:00,0c:6e:9c:16:00:00,80,1,80,805,,0,,,,TRUE,FALSE,0,FALSE,FALSE,FALSE,FALSE,0x02,,0x10,60,12,,1,,,,4,MQTT,,,,,,,,,4,,,,
0.000213,0.005835,1736882402,2382.368384,,192.168.18.17,192.168.2.1,32821,1883,3,30c9090024636974792f6169722f73656e736f722d696f7473696d2d6169722d7175616c6974792d313c3f786d6c2076657273696f6e3d22312e302220656e636f64696e673d225554462d38223f3e3c726f6f743e3c446174653e3c76616c75653e31302f30332f323030343c2f76616c75653e3c756e69743e44442f4d4d2f595959593c2f756e69743e3c2f446174653e3c54696d653e3c76616c75653e32322e30302e30303c2f76616c75653e3c756e69743e48482e4d4d2e53533c2f756e69743e3c2f54696d653e3c434f5f47543e3c76616c75653e312e363c2f76616c75653e3c756e69743e434f20696e206d672f6d5e333c2f756e69743e3c2f434f5f47543e3c505430382e53315f434f3e3c76616c75653e313237322e303c2f76616c75653e3c756e69743e74696e206f786964652073656e736f7220726573706f6e73653c2f756e69743e3c2f505430382e53315f434f3e3c4e4d48435f47543e3c76616c75653e35312e303c2f76616c75653e3c756e69743e4e6f6e204d6574616e696320487964726f436172626f6e7320636f6e63656e74726174696f6e20696e206d6963726f672f6d5e333c2f756e69743e3c2f4e4d48435f47543e3c433648365f47543e3c76616c75653e362e353c2f76616c75653e3c756e69743e42656e7a656e6520636f6e63656e74726174696f6e20696e206d6963726f672f6d5e333c2f756e69743e3c2f433648365f47543e3c505430382e53325f4e4d48433e3c76616c75653e3833362e303c2f76616c75653e3c756e69743e746974616e69612073656e736f7220726573706f6e73653c2f756e69743e3c2f505430382e53325f4e4d48433e3c4e4f785f47543e3c76616c75653e3133312e303c2f76616c75653e3c756e69743e4e4f7820636f6e63656e74726174696f6e20696e207070623c2f756e69743e3c2f4e4f785f47543e3c505430382e53335f4e4f783e3c76616c75653e313230352e303c2f76616c75653e3c756e69743e74756e677374656e206f786964652073656e736f7220726573706f6e73653c2f756e69743e3c2f505430382e53335f4e4f783e3c4e4f325f47543e3c76616c75653e3131362e303c2f76616c75653e3c756e69743e4e4f3220636f6e63656e74726174696f6e20696e206d6963726f672f6d5e333c2f756e69743e3c2f4e4f325f47543e3c505430382e53345f4e4f323e3c76616c75653e313439302e303c2f76616c75653e3c756e69743e74756e677374656e206f786964652073656e736f7220726573706f6e73653c2f756e69743e3c2f505430382e53345f4e4f323e3c505430382e53355f4f333e3c76616c75653e313131302e303c2f76616c75653e3c756e69743e696e6469756d206f786964652073656e736f7220726573706f6e73653c2f756e69743e3c2f505430382e53355f4f333e3c54656d70657261747572653e3c76616c75653e31312e323c2f76616c75653e3c756e69743ec2b0433c2f756e69743e3c2f54656d70657261747572653e3c52656c61746976655f48756d69646974793e3c76616c75653e35392e363c2f76616c75653e3c756e69743e253c2f756e69743e3c2f52656c61746976655f48756d69646974793e3c4162736f6c7574655f48756d69646974793e302e373838383c2f4162736f6c7574655f48756d69646974793e3c2f726f6f743e,02:42:52:d7:fa:00,0c:6e:9c:16:00:00,1294,1,1294,809,,,,,,,,,,,,,,FALSE,0x30,,1225,3c3f786d6c2076657273696f6e3d22312e302220656e636f64696e673d225554462d38223f3e3c726f6f743e3c446174653e3c76616c75653e31302f30332f323030343c2f76616c75653e3c756e69743e44442f4d4d2f595959593c2f756e69743e3c2f446174653e3c54696d653e3c76616c75653e32322e30302e30303c2f76616c75653e3c756e69743e48482e4d4d2e53533c2f756e69743e3c2f54696d653e3c434f5f47543e3c76616c75653e312e363c2f76616c75653e3c756e69743e434f20696e206d672f6d5e333c2f756e69743e3c2f434f5f47543e3c505430382e53315f434f3e3c76616c75653e313237322e303c2f76616c75653e3c756e69743e74696e206f786964652073656e736f7220726573706f6e73653c2f756e69743e3c2f505430382e53315f434f3e3c4e4d48435f47543e3c76616c75653e35312e303c2f76616c75653e3c756e69743e4e6f6e204d6574616e696320487964726f436172626f6e7320636f6e63656e74726174696f6e20696e206d6963726f672f6d5e333c2f756e69743e3c2f4e4d48435f47543e3c433648365f47543e3c76616c75653e362e353c2f76616c75653e3c756e69743e42656e7a656e6520636f6e63656e74726174696f6e20696e206d6963726f672f6d5e333c2f756e69743e3c2f433648365f47543e3c505430382e53325f4e4d48433e3c76616c75653e3833362e303c2f76616c75653e3c756e69743e746974616e69612073656e736f7220726573706f6e73653c2f756e69743e3c2f505430382e53325f4e4d48433e3c4e4f785f47543e3c76616c75653e3133312e303c2f76616c75653e3c756e69743e4e4f7820636f6e63656e74726174696f6e20696e207070623c2f756e69743e3c2f4e4f785f47543e3c505430382e53335f4e4f783e3c76616c75653e313230352e303c2f76616c75653e3c756e69743e74756e677374656e206f786964652073656e736f7220726573706f6e73653c2f756e69743e3c2f505430382e53335f4e4f783e3c4e4f325f47543e3c76616c75653e3131362e303c2f76616c75653e3c756e69743e4e4f3220636f6e63656e74726174696f6e20696e206d6963726f672f6d5e333c2f756e69743e3c2f4e4f325f47543e3c505430382e53345f4e4f323e3c76616c75653e313439302e303c2f76616c75653e3c756e69743e74756e677374656e206f786964652073656e736f7220726573706f6e73653c2f756e69743e3c2f505430382e53345f4e4f323e3c505430382e53355f4f333e3c76616c75653e313131302e303c2f76616c75653e3c756e69743e696e6469756d206f786964652073656e736f7220726573706f6e73653c2f756e69743e3c2f505430382e53355f4f333e3c54656d70657261747572653e3c76616c75653e31312e323c2f76616c75653e3c756e69743ec2b0433c2f756e69743e3c2f54656d70657261747572653e3c52656c61746976655f48756d69646974793e3c76616c75653e35392e363c2f76616c75653e3c756e69743e253c2f756e69743e3c2f52656c61746976655f48756d69646974793e3c4162736f6c7574655f48756d69646974793e302e373838383c2f4162736f6c7574655f48756d69646974793e3c2f726f6f743e,3,,,,,,0,FALSE,,,Air_quality,36,,,,,,,
0.000067,0.000067,1736882402,2382.368451,,192.168.18.17,192.168.2.1,32821,1883,3,e000,02:42:52:d7:fa:00,0c:6e:9c:16:00:00,68,1,68,810,,,,,,,,,,,,,,,0xe0,,0,,14,,,,,,,,,,,,,,,,,,
0.00008,612.441647,1736883015,2994.810098,,192.168.18.17,192.168.2.1,38737,1883,4,100c00044d5154540402003c0000,02:42:52:d7:fa:00,0c:6e:9c:16:00:00,80,1,80,993,,0,,,,TRUE,FALSE,0,FALSE,FALSE,FALSE,FALSE,0x02,,0x10,60,12,,1,,,,4,MQTT,,,,,,,,,4,,,,
0.000202,0.006007,1736883015,2994.816105,,192.168.18.17,192.168.2.1,38737,1883,4,30c6090024636974792f6169722f73656e736f722d696f7473696d2d6169722d7175616c6974792d313c3f786d6c2076657273696f6e3d22312e302220656e636f64696e673d225554462d38223f3e3c726f6f743e3c446174653e3c76616c75653e31302f30332f323030343c2f76616c75653e3c756e69743e44442f4d4d2f595959593c2f756e69743e3c2f446174653e3c54696d653e3c76616c75653e32332e30302e30303c2f76616c75653e3c756e69743e48482e4d4d2e53533c2f756e69743e3c2f54696d653e3c434f5f47543e3c76616c75653e312e323c2f76616c75653e3c756e69743e434f20696e206d672f6d5e333c2f756e69743e3c2f434f5f47543e3c505430382e53315f434f3e3c76616c75653e313139372e303c2f76616c75653e3c756e69743e74696e206f786964652073656e736f7220726573706f6e73653c2f756e69743e3c2f505430382e53315f434f3e3c4e4d48435f47543e3c76616c75653e33382e303c2f76616c75653e3c756e69743e4e6f6e204d6574616e696320487964726f436172626f6e7320636f6e63656e74726174696f6e20696e206d6963726f672f6d5e333c2f756e69743e3c2f4e4d48435f47543e3c433648365f47543e3c76616c75653e342e373c2f76616c75653e3c756e69743e42656e7a656e6520636f6e63656e74726174696f6e20696e206d6963726f672f6d5e333c2f756e69743e3c2f433648365f47543e3c505430382e53325f4e4d48433e3c76616c75653e3735302e303c2f76616c75653e3c756e69743e746974616e69612073656e736f7220726573706f6e73653c2f756e69743e3c2f505430382e53325f4e4d48433e3c4e4f785f47543e3c76616c75653e38392e303c2f76616c75653e3c756e69743e4e4f7820636f6e63656e74726174696f6e20696e207070623c2f756e69743e3c2f4e4f785f47543e3c505430382e53335f4e4f783e3c76616c75653e313333372e303c2f76616c75653e3c756e69743e74756e677374656e206f786964652073656e736f7220726573706f6e73653c2f756e69743e3c2f505430382e53335f4e4f783e3c4e4f325f47543e3c76616c75653e39362e303c2f76616c75653e3c756e69743e4e4f3220636f6e63656e74726174696f6e20696e206d6963726f672f6d5e333c2f756e69743e3c2f4e4f325f47543e3c505430382e53345f4e4f323e3c76616c75653e313339332e303c2f76616c75653e3c756e69743e74756e677374656e206f786964652073656e736f7220726573706f6e73653c2f756e69743e3c2f505430382e53345f4e4f323e3c505430382e53355f4f333e3c76616c75653e3934392e303c2f76616c75653e3c756e69743e696e6469756d206f786964652073656e736f7220726573706f6e73653c2f756e69743e3c2f505430382e53355f4f333e3c54656d70657261747572653e3c76616c75653e31312e323c2f76616c75653e3c756e69743ec2b0433c2f756e69743e3c2f54656d70657261747572653e3c52656c61746976655f48756d69646974793e3c76616c75653e35392e323c2f76616c75653e3c756e69743e253c2f756e69743e3c2f52656c61746976655f48756d69646974793e3c4162736f6c7574655f48756d69646974793e302e373834383c2f4162736f6c7574655f48756d69646974793e3c2f726f6f743e,02:42:52:d7:fa:00,0c:6e:9c:16:00:00,1291,1,1291,997,,,,,,,,,,,,,,FALSE,0x30,,1222,3c3f786d6c2076657273696f6e3d22312e302220656e636f64696e673d225554462d38223f3e3c726f6f743e3c446174653e3c76616c75653e31302f30332f323030343c2f76616c75653e3c756e69743e44442f4d4d2f595959593c2f756e69743e3c2f446174653e3c54696d653e3c76616c75653e32332e30302e30303c2f76616c75653e3c756e69743e48482e4d4d2e53533c2f756e69743e3c2f54696d653e3c434f5f47543e3c76616c75653e312e323c2f76616c75653e3c756e69743e434f20696e206d672f6d5e333c2f756e69743e3c2f434f5f47543e3c505430382e53315f434f3e3c76616c75653e313139372e303c2f76616c75653e3c756e69743e74696e206f786964652073656e736f7220726573706f6e73653c2f756e69743e3c2f505430382e53315f434f3e3c4e4d48435f47543e3c76616c75653e33382e303c2f76616c75653e3c756e69743e4e6f6e204d6574616e696320487964726f436172626f6e7320636f6e63656e74726174696f6e20696e206d6963726f672f6d5e333c2f756e69743e3c2f4e4d48435f47543e3c433648365f47543e3c76616c75653e342e373c2f76616c75653e3c756e69743e42656e7a656e6520636f6e63656e74726174696f6e20696e206d6963726f672f6d5e333c2f756e69743e3c2f433648365f47543e3c505430382e53325f4e4d48433e3c76616c75653e3735302e303c2f76616c75653e3c756e69743e746974616e69612073656e736f7220726573706f6e73653c2f756e69743e3c2f505430382e53325f4e4d48433e3c4e4f785f47543e3c76616c75653e38392e303c2f76616c75653e3c756e69743e4e4f7820636f6e63656e74726174696f6e20696e207070623c2f756e69743e3c2f4e4f785f47543e3c505430382e53335f4e4f783e3c76616c75653e313333372e303c2f76616c75653e3c756e69743e74756e677374656e206f786964652073656e736f7220726573706f6e73653c2f756e69743e3c2f505430382e53335f4e4f783e3c4e4f325f47543e3c76616c75653e39362e303c2f76616c75653e3c756e69743e4e4f3220636f6e63656e74726174696f6e20696e206d6963726f672f6d5e333c2f756e69743e3c2f4e4f325f47543e3c505430382e53345f4e4f323e3c76616c75653e313339332e303c2f76616c75653e3c756e69743e74756e677374656e206f786964652073656e736f7220726573706f6e73653c2f756e69743e3c2f505430382e53345f4e4f323e3c505430382e53355f4f333e3c76616c75653e3934392e303c2f76616c75653e3c756e69743e696e6469756d206f786964652073656e736f7220726573706f6e73653c2f756e69743e3c2f505430382e53355f4f333e3c54656d70657261747572653e3c76616c75653e31312e323c2f76616c75653e3c756e69743ec2b0433c2f756e69743e3c2f54656d70657261747572653e3c52656c61746976655f48756d69646974793e3c76616c75653e35392e323c2f76616c75653e3c756e69743e253c2f756e69743e3c2f52656c61746976655f48756d69646974793e3c4162736f6c7574655f48756d69646974793e302e373834383c2f4162736f6c7574655f48756d69646974793e3c2f726f6f743e,3,,,,,,0,FALSE,,,Air_quality,36,,,,,,,
0.000061,0.000061,1736883015,2994.816166,,192.168.18.17,192.168.2.1,38737,1883,4,e000,02:42:52:d7:fa:00,0c:6e:9c:16:00:00,68,1,68,998,,,,,,,,,,,,,,,0xe0,,0,,14,,,,,,,,,,,,,,,,,,
0.000099,601.909766,1736883617,3596.725932,,192.168.18.17,192.168.2.1,47387,1883,5,100c00044d5154540402003c0000,02:42:52:d7:fa:00,0c:6e:9c:16:00:00,80,1,80,1171,,0,,,,TRUE,FALSE,0,FALSE,FALSE,FALSE,FALSE,0x02,,0x10,60,12,,1,,,,4,MQTT,,,,,,,,,4,,,,
0.000216,0.006259,1736883617,3596.732191,,192.168.18.17,192.168.2.1,47387,1883,5,30c6090024636974792f6169722f73656e736f722d696f7473696d2d6169722d7175616c6974792d313c3f786d6c2076657273696f6e3d22312e302220656e636f64696e673d225554462d38223f3e3c726f6f743e3c446174653e3c76616c75653e31312f30332f323030343c2f76616c75653e3c756e69743e44442f4d4d2f595959593c2f756e69743e3c2f446174653e3c54696d653e3c76616c75653e30302e30302e30303c2f76616c75653e3c756e69743e48482e4d4d2e53533c2f756e69743e3c2f54696d653e3c434f5f47543e3c76616c75653e312e323c2f76616c75653e3c756e69743e434f20696e206d672f6d5e333c2f756e69743e3c2f434f5f47543e3c505430382e53315f434f3e3c76616c75653e313138352e303c2f76616c75653e3c756e69743e74696e206f786964652073656e736f7220726573706f6e73653c2f756e69743e3c2f505430382e53315f434f3e3c4e4d48435f47543e3c76616c75653e33312e303c2f76616c75653e3c756e69743e4e6f6e204d6574616e696320487964726f436172626f6e7320636f6e63656e74726174696f6e20696e206d6963726f672f6d5e333c2f756e69743e3c2f4e4d48435f47543e3c433648365f47543e3c76616c75653e332e363c2f76616c75653e3c756e69743e42656e7a656e6520636f6e63656e74726174696f6e20696e206d6963726f672f6d5e333c2f756e69743e3c2f433648365f47543e3c505430382e53325f4e4d48433e3c76616c75653e3639302e303c2f76616c75653e3c756e69743e746974616e69612073656e736f7220726573706f6e73653c2f756e69743e3c2f505430382e53325f4e4d48433e3c4e4f785f47543e3c76616c75653e36322e303c2f76616c75653e3c756e69743e4e4f7820636f6e63656e74726174696f6e20696e207070623c2f756e69743e3c2f4e4f785f47543e3c505430382e53335f4e4f783e3c76616c75653e313436322e303c2f76616c75653e3c756e69743e74756e677374656e206f786964652073656e736f7220726573706f6e73653c2f756e69743e3c2f505430382e53335f4e4f783e3c4e4f325f47543e3c76616c75653e37372e303c2f76616c75653e3c756e69743e4e4f3220636f6e63656e74726174696f6e20696e206d6963726f672f6d5e333c2f756e69743e3c2f4e4f325f47543e3c505430382e53345f4e4f323e3c76616c75653e313333332e303c2f76616c75653e3c756e69743e74756e677374656e206f786964652073656e736f7220726573706f6e73653c2f756e69743e3c2f505430382e53345f4e4f323e3c505430382e53355f4f333e3c76616c75653e3733332e303c2f76616c75653e3c756e69743e696e6469756d206f786964652073656e736f7220726573706f6e73653c2f756e69743e3c2f505430382e53355f4f333e3c54656d70657261747572653e3c76616c75653e31312e333c2f76616c75653e3c756e69743ec2b0433c2f756e69743e3c2f54656d70657261747572653e3c52656c61746976655f48756d69646974793e3c76616c75653e35362e383c2f76616c75653e3c756e69743e253c2f756e69743e3c2f52656c61746976655f48756d69646974793e3c4162736f6c7574655f48756d69646974793e302e373630333c2f4162736f6c7574655f48756d69646974793e3c2f726f6f743e,02:42:52:d7:fa:00,0c:6e:9c:16:00:00,1291,1,1291,1175,,,,,,,,,,,,,,FALSE,0x30,,1222,3c3f786d6c2076657273696f6e3d22312e302220656e636f64696e673d225554462d38223f3e3c726f6f743e3c446174653e3c76616c75653e31312f30332f323030343c2f76616c75653e3c756e69743e44442f4d4d2f595959593c2f756e69743e3c2f446174653e3c54696d653e3c76616c75653e30302e30302e30303c2f76616c75653e3c756e69743e48482e4d4d2e53533c2f756e69743e3c2f54696d653e3c434f5f47543e3c76616c75653e312e323c2f76616c75653e3c756e69743e434f20696e206d672f6d5e333c2f756e69743e3c2f434f5f47543e3c505430382e53315f434f3e3c76616c75653e313138352e303c2f76616c75653e3c756e69743e74696e206f786964652073656e736f7220726573706f6e73653c2f756e69743e3c2f505430382e53315f434f3e3c4e4d48435f47543e3c76616c75653e33312e303c2f76616c75653e3c756e69743e4e6f6e204d6574616e696320487964726f436172626f6e7320636f6e63656e74726174696f6e20696e206d6963726f672f6d5e333c2f756e69743e3c2f4e4d48435f47543e3c433648365f47543e3c76616c75653e332e363c2f76616c75653e3c756e69743e42656e7a656e6520636f6e63656e74726174696f6e20696e206d6963726f672f6d5e333c2f756e69743e3c2f433648365f47543e3c505430382e53325f4e4d48433e3c76616c75653e3639302e303c2f76616c75653e3c756e69743e746974616e69612073656e736f7220726573706f6e73653c2f756e69743e3c2f505430382e53325f4e4d48433e3c4e4f785f47543e3c76616c75653e36322e303c2f76616c75653e3c756e69743e4e4f7820636f6e63656e74726174696f6e20696e207070623c2f756e69743e3c2f4e4f785f47543e3c505430382e53335f4e4f783e3c76616c75653e313436322e303c2f76616c75653e3c756e69743e74756e677374656e206f786964652073656e736f7220726573706f6e73653c2f756e69743e3c2f505430382e53335f4e4f783e3c4e4f325f47543e3c76616c75653e37372e303c2f76616c75653e3c756e69743e4e4f3220636f6e63656e74726174696f6e20696e206d6963726f672f6d5e333c2f756e69743e3c2f4e4f325f47543e3c505430382e53345f4e4f323e3c76616c75653e313333332e303c2f76616c75653e3c756e69743e74756e677374656e206f786964652073656e736f7220726573706f6e73653c2f756e69743e3c2f505430382e53345f4e4f323e3c505430382e53355f4f333e3c76616c75653e3733332e303c2f76616c75653e3c756e69743e696e6469756d206f786964652073656e736f7220726573706f6e73653c2f756e69743e3c2f505430382e53355f4f333e3c54656d70657261747572653e3c76616c75653e31312e333c2f76616c75653e3c756e69743ec2b0433c2f756e69743e3c2f54656d70657261747572653e3c52656c61746976655f48756d69646974793e3c76616c75653e35362e383c2f76616c75653e3c756e69743e253c2f756e69743e3c2f52656c61746976655f48756d69646974793e3c4162736f6c7574655f48756d69646974793e302e373630333c2f4162736f6c7574655f48756d69646974793e3c2f726f6f743e,3,,,,,,0,FALSE,,,Air_quality,36,,,,,,,
0.000067,0.000067,1736883617,3596.732258,,192.168.18.17,192.168.2.1,47387,1883,5,e000,02:42:52:d7:fa:00,0c:6e:9c:16:00:00,68,1,68,1176,,,,,,,,,,,,,,,0xe0,,0,,14,,,,,,,,,,,,,,,,,,
0.000093,578.499266,1736884195,4175.231524,,192.168.18.17,192.168.2.1,59349,1883,6,100c00044d5154540402003c0000,02:42:52:d7:fa:00,0c:6e:9c:16:00:00,80,1,80,1349,,0,,,,TRUE,FALSE,0,FALSE,FALSE,FALSE,FALSE,0x02,,0x10,60,12,,1,,,,4,MQTT,,,,,,,,,4,,,,
0.000201,0.006137,1736884195,4175.237661,,192.168.18.17,192.168.2.1,59349,1883,6,30c6090024636974792f6169722f73656e736f722d696f7473696d2d6169722d7175616c6974792d313c3f786d6c2076657273696f6e3d22312e302220656e636f64696e673d225554462d38223f3e3c726f6f743e3c446174653e3c76616c75653e31312f30332f323030343c2f76616c75653e3c756e69743e44442f4d4d2f595959593c2f756e69743e3c2f446174653e3c54696d653e3c76616c75653e30312e30302e30303c2f76616c75653e3c756e69743e48482e4d4d2e53533c2f756e69743e3c2f54696d653e3c434f5f47543e3c76616c75653e312e303c2f76616c75653e3c756e69743e434f20696e206d672f6d5e333c2f756e69743e3c2f434f5f47543e3c505430382e53315f434f3e3c76616c75653e313133362e303c2f76616c75653e3c756e69743e74696e206f786964652073656e736f7220726573706f6e73653c2f756e69743e3c2f505430382e53315f434f3e3c4e4d48435f47543e3c76616c75653e33312e303c2f76616c75653e3c756e69743e4e6f6e204d6574616e696320487964726f436172626f6e7320636f6e63656e74726174696f6e20696e206d6963726f672f6d5e333c2f756e69743e3c2f4e4d48435f47543e3c433648365f47543e3c76616c75653e332e333c2f76616c75653e3c756e69743e42656e7a656e6520636f6e63656e74726174696f6e20696e206d6963726f672f6d5e333c2f756e69743e3c2f433648365f47543e3c505430382e53325f4e4d48433e3c76616c75653e3637322e303c2f76616c75653e3c756e69743e746974616e69612073656e736f7220726573706f6e73653c2f756e69743e3c2f505430382e53325f4e4d48433e3c4e4f785f47543e3c76616c75653e36322e303c2f76616c75653e3c756e69743e4e4f7820636f6e63656e74726174696f6e20696e207070623c2f756e69743e3c2f4e4f785f47543e3c505430382e53335f4e4f783e3c76616c75653e313435332e303c2f76616c75653e3c756e69743e74756e677374656e206f786964652073656e736f7220726573706f6e73653c2f756e69743e3c2f505430382e53335f4e4f783e3c4e4f325f47543e3c76616c75653e37362e303c2f76616c75653e3c756e69743e4e4f3220636f6e63656e74726174696f6e20696e206d6963726f672f6d5e333c2f756e69743e3c2f4e4f325f47543e3c505430382e53345f4e4f323e3c76616c75653e313333332e303c2f76616c75653e3c756e69743e74756e677374656e206f786964652073656e736f7220726573706f6e73653c2f756e69743e3c2f505430382e53345f4e4f323e3c505430382e53355f4f333e3c76616c75653e3733302e303c2f76616c75653e3c756e69743e696e6469756d206f786964652073656e736f7220726573706f6e73653c2f756e69743e3c2f505430382e53355f4f333e3c54656d70657261747572653e3c76616c75653e31302e373c2f76616c75653e3c756e69743ec2b0433c2f756e69743e3c2f54656d70657261747572653e3c52656c61746976655f48756d69646974793e3c76616c75653e36302e303c2f76616c75653e3c756e69743e253c2f756e69743e3c2f52656c61746976655f48756d69646974793e3c4162736f6c7574655f48756d69646974793e302e373730323c2f4162736f6c7574655f48756d69646974793e3c2f726f6f743e,02:42:52:d7:fa:00,0c:6e:9c:16:00:00,1291,1,1291,1353,,,,,,,,,,,,,,FALSE,0x30,,1222,3c3f786d6c2076657273696f6e3d22312e302220656e636f64696e673d225554462d38223f3e3c726f6f743e3c446174653e3c76616c75653e31312f30332f323030343c2f76616c75653e3c756e69743e44442f4d4d2f595959593c2f756e69743e3c2f446174653e3c54696d653e3c76616c75653e30312e30302e30303c2f76616c75653e3c756e69743e48482e4d4d2e53533c2f756e69743e3c2f54696d653e3c434f5f47543e3c76616c75653e312e303c2f76616c75653e3c756e69743e434f20696e206d672f6d5e333c2f756e69743e3c2f434f5f47543e3c505430382e53315f434f3e3c76616c75653e313133362e303c2f76616c75653e3c756e69743e74696e206f786964652073656e736f7220726573706f6e73653c2f756e69743e3c2f505430382e53315f434f3e3c4e4d48435f47543e3c76616c75653e33312e303c2f76616c75653e3c756e69743e4e6f6e204d6574616e696320487964726f436172626f6e7320636f6e63656e74726174696f6e20696e206d6963726f672f6d5e333c2f756e69743e3c2f4e4d48435f47543e3c433648365f47543e3c76616c75653e332e333c2f76616c75653e3c756e69743e42656e7a656e6520636f6e63656e74726174696f6e20696e206d6963726f672f6d5e333c2f756e69743e3c2f433648365f47543e3c505430382e53325f4e4d48433e3c76616c75653e3637322e303c2f76616c75653e3c756e69743e746974616e69612073656e736f7220726573706f6e73653c2f756e69743e3c2f505430382e53325f4e4d48433e3c4e4f785f47543e3c76616c75653e36322e303c2f76616c75653e3c756e69743e4e4f7820636f6e63656e74726174696f6e20696e207070623c2f756e69743e3c2f4e4f785f47543e3c505430382e53335f4e4f783e3c76616c75653e313435332e303c2f76616c75653e3c756e69743e74756e677374656e206f786964652073656e736f7220726573706f6e73653c2f756e69743e3c2f505430382e53335f4e4f783e3c4e4f325f47543e3c76616c75653e37362e303c2f76616c75653e3c756e69743e4e4f3220636f6e63656e74726174696f6e20696e206d6963726f672f6d5e333c2f756e69743e3c2f4e4f325f47543e3c505430382e53345f4e4f323e3c76616c75653e313333332e303c2f76616c75653e3c756e69743e74756e677374656e206f786964652073656e736f7220726573706f6e73653c2f756e69743e3c2f505430382e53345f4e4f323e3c505430382e53355f4f333e3c76616c75653e3733302e303c2f76616c75653e3c756e69743e696e6469756d206f786964652073656e736f7220726573706f6e73653c2f756e69743e3c2f505430382e53355f4f333e3c54656d70657261747572653e3c76616c75653e31302e373c2f76616c75653e3c756e69743ec2b0433c2f756e69743e3c2f54656d70657261747572653e3c52656c61746976655f48756d69646974793e3c76616c75653e36302e303c2f76616c75653e3c756e69743e253c2f756e69743e3c2f52656c61746976655f48756d69646974793e3c4162736f6c7574655f48756d69646974793e302e373730323c2f4162736f6c7574655f48756d69646974793e3c2f726f6f743e,3,,,,,,0,FALSE,,,Air_quality,36,,,,,,,
0.000057,0.000057,1736884195,4175.237718,,192.168.18.17,192.168.2.1,59349,1883,6,e000,02:42:52:d7:fa:00,0c:6e:9c:16:00:00,68,1,68,1354,,,,,,,,,,,,,,,0xe0,,0,,14,,,,,,,,,,,,,,,,,,
0.000083,599.769117,1736884795,4775.006835,,192.168.18.17,192.168.2.1,51749,1883,7,100c00044d5154540402003c0000,02:42:52:d7:fa:00,0c:6e:9c:16:00:00,80,1,80,1536,,0,,,,TRUE,FALSE,0,FALSE,FALSE,FALSE,FALSE,0x02,,0x10,60,12,,1,,,,4,MQTT,,,,,,,,,4,,,,
0.000231,0.005299,1736884795,4775.012134,,192.168.18.17,192.168.2.1,51749,1883,7,30c6090024636974792f6169722f73656e736f722d696f7473696d2d6169722d7175616c6974792d313c3f786d6c2076657273696f6e3d22312e302220656e636f64696e673d225554462d38223f3e3c726f6f743e3c446174653e3c76616c75653e31312f30332f323030343c2f76616c75653e3c756e69743e44442f4d4d2f595959593c2f756e69743e3c2f446174653e3c54696d653e3c76616c75653e30322e30302e30303c2f76616c75653e3c756e69743e48482e4d4d2e53533c2f756e69743e3c2f54696d653e3c434f5f47543e3c76616c75653e302e393c2f76616c75653e3c756e69743e434f20696e206d672f6d5e333c2f756e69743e3c2f434f5f47543e3c505430382e53315f434f3e3c76616c75653e313039342e303c2f76616c75653e3c756e69743e74696e206f786964652073656e736f7220726573706f6e73653c2f756e69743e3c2f505430382e53315f434f3e3c4e4d48435f47543e3c76616c75653e32342e303c2f76616c75653e3c756e69743e4e6f6e204d6574616e696320487964726f436172626f6e7320636f6e63656e74726174696f6e20696e206d6963726f672f6d5e333c2f756e69743e3c2f4e4d48435f47543e3c433648365f47543e3c76616c75653e322e333c2f76616c75653e3c756e69743e42656e7a656e6520636f6e63656e74726174696f6e20696e206d6963726f672f6d5e333c2f756e69743e3c2f433648365f47543e3c505430382e53325f4e4d48433e3c76616c75653e3630392e303c2f76616c75653e3c756e69743e746974616e69612073656e736f7220726573706f6e73653c2f756e69743e3c2f505430382e53325f4e4d48433e3c4e4f785f47543e3c76616c75653e34352e303c2f76616c75653e3c756e69743e4e4f7820636f6e63656e74726174696f6e20696e207070623c2f756e69743e3c2f4e4f785f47543e3c505430382e53335f4e4f783e3c76616c75653e313537392e303c2f76616c75653e3c756e69743e74756e677374656e206f786964652073656e736f7220726573706f6e73653c2f756e69743e3c2f505430382e53335f4e4f783e3c4e4f325f47543e3c76616c75653e36302e303c2f76616c75653e3c756e69743e4e4f3220636f6e63656e74726174696f6e20696e206d6963726f672f6d5e333c2f756e69743e3c2f4e4f325f47543e3c505430382e53345f4e4f323e3c76616c75653e313237362e303c2f76616c75653e3c756e69743e74756e677374656e206f786964652073656e736f7220726573706f6e73653c2f756e69743e3c2f505430382e53345f4e4f323e3c505430382e53355f4f333e3c76616c75653e3632302e303c2f76616c75653e3c756e69743e696e6469756d206f786964652073656e736f7220726573706f6e73653c2f756e69743e3c2f505430382e53355f4f333e3c54656d70657261747572653e3c76616c75653e31302e373c2f76616c75653e3c756e69743ec2b0433c2f756e69743e3c2f54656d70657261747572653e3c52656c61746976655f48756d69646974793e3c76616c75653e35392e373c2f76616c75653e3c756e69743e253c2f756e69743e3c2f52656c61746976655f48756d69646974793e3c4162736f6c7574655f48756d69646974793e302e373634383c2f4162736f6c7574655f48756d69646974793e3c2f726f6f743e,02:42:52:d7:fa:00,0c:6e:9c:16:00:00,1291,1,1291,1540,,,,,,,,,,,,,,FALSE,0x30,,1222,3c3f786d6c2076657273696f6e3d22312e302220656e636f64696e673d225554462d38223f3e3c726f6f743e3c446174653e3c76616c75653e31312f30332f323030343c2f76616c75653e3c756e69743e44442f4d4d2f595959593c2f756e69743e3c2f446174653e3c54696d653e3c76616c75653e30322e30302e30303c2f76616c75653e3c756e69743e48482e4d4d2e53533c2f756e69743e3c2f54696d653e3c434f5f47543e3c76616c75653e302e393c2f76616c75653e3c756e69743e434f20696e206d672f6d5e333c2f756e69743e3c2f434f5f47543e3c505430382e53315f434f3e3c76616c75653e313039342e303c2f76616c75653e3c756e69743e74696e206f786964652073656e736f7220726573706f6e73653c2f756e69743e3c2f505430382e53315f434f3e3c4e4d48435f47543e3c76616c75653e32342e303c2f76616c75653e3c756e69743e4e6f6e204d6574616e696320487964726f436172626f6e7320636f6e63656e74726174696f6e20696e206d6963726f672f6d5e333c2f756e69743e3c2f4e4d48435f47543e3c433648365f47543e3c76616c75653e322e333c2f76616c75653e3c756e69743e42656e7a656e6520636f6e63656e74726174696f6e20696e206d6963726f672f6d5e333c2f756e69743e3c2f433648365f47543e3c505430382e53325f4e4d48433e3c76616c75653e3630392e303c2f76616c75653e3c756e69743e746974616e69612073656e736f7220726573706f6e73653c2f756e69743e3c2f505430382e53325f4e4d48433e3c4e4f785f47543e3c76616c75653e34352e303c2f76616c75653e3c756e69743e4e4f7820636f6e63656e74726174696f6e20696e207070623c2f756e69743e3c2f4e4f785f47543e3c505430382e53335f4e4f783e3c76616c75653e313537392e303c2f76616c75653e3c756e69743e74756e677374656e206f786964652073656e736f7220726573706f6e73653c2f756e69743e3c2f505430382e53335f4e4f783e3c4e4f325f47543e3c76616c75653e36302e303c2f76616c75653e3c756e69743e4e4f3220636f6e63656e74726174696f6e20696e206d6963726f672f6d5e333c2f756e69743e3c2f4e4f325f47543e3c505430382e53345f4e4f323e3c76616c75653e313237362e303c2f76616c75653e3c756e69743e74756e677374656e206f786964652073656e736f7220726573706f6e73653c2f756e69743e3c2f505430382e53345f4e4f323e3c505430382e53355f4f333e3c76616c75653e3632302e303c2f76616c75653e3c756e69743e696e6469756d206f786964652073656e736f7220726573706f6e73653c2f756e69743e3c2f505430382e53355f4f333e3c54656d70657261747572653e3c76616c75653e31302e373c2f76616c75653e3c756e69743ec2b0433c2f756e69743e3c2f54656d70657261747572653e3c52656c61746976655f48756d69646974793e3c76616c75653e35392e373c2f76616c75653e3c756e69743e253c2f756e69743e3c2f52656c61746976655f48756d69646974793e3c4162736f6c7574655f48756d69646974793e302e373634383c2f4162736f6c7574655f48756d69646974793e3c2f726f6f743e,3,,,,,,0,FALSE,,,Air_quality,36,,,,,,,
0.000067,0.000067,1736884795,4775.012201,,192.168.18.17,192.168.2.1,51749,1883,7,e000,02:42:52:d7:fa:00,0c:6e:9c:16:00:00,68,1,68,1541,,,,,,,,,,,,,,,0xe0,,0,,14,,,,,,,,,,,,,,,,,,
0.000084,607.294985,1736885402,5382.307186,,192.168.18.17,192.168.2.1,43701,1883,8,100c00044d5154540402003c0000,02:42:52:d7:fa:00,0c:6e:9c:16:00:00,80,1,80,1714,,0,,,,TRUE,FALSE,0,FALSE,FALSE,FALSE,FALSE,0x02,,0x10,60,12,,1,,,,4,MQTT,,,,,,,,,4,,,,
0.00026,0.009748,1736885402,5382.316934,,192.168.18.17,192.168.2.1,43701,1883,8,30ca090024636974792f6169722f73656e736f722d696f7473696d2d6169722d7175616c6974792d313c3f786d6c2076657273696f6e3d22312e302220656e636f64696e673d225554462d38223f3e3c726f6f743e3c446174653e3c76616c75653e31312f30332f323030343c2f76616c75653e3c756e69743e44442f4d4d2f595959593c2f756e69743e3c2f446174653e3c54696d653e3c76616c75653e30332e30302e30303c2f76616c75653e3c756e69743e48482e4d4d2e53533c2f756e69743e3c2f54696d653e3c434f5f47543e3c76616c75653e302e363c2f76616c75653e3c756e69743e434f20696e206d672f6d5e333c2f756e69743e3c2f434f5f47543e3c505430382e53315f434f3e3c76616c75653e313031302e303c2f76616c75653e3c756e69743e74696e206f786964652073656e736f7220726573706f6e73653c2f756e69743e3c2f505430382e53315f434f3e3c4e4d48435f47543e3c76616c75653e31392e303c2f76616c75653e3c756e69743e4e6f6e204d6574616e696320487964726f436172626f6e7320636f6e63656e74726174696f6e20696e206d6963726f672f6d5e333c2f756e69743e3c2f4e4d48435f47543e3c433648365f47543e3c76616c75653e312e373c2f76616c75653e3c756e69743e42656e7a656e6520636f6e63656e74726174696f6e20696e206d6963726f672f6d5e333c2f756e69743e3c2f433648365f47543e3c505430382e53325f4e4d48433e3c76616c75653e3536312e303c2f76616c75653e3c756e69743e746974616e69612073656e736f7220726573706f6e73653c2f756e69743e3c2f505430382e53325f4e4d48433e3c4e4f785f47543e3c76616c75653e2d3230302e303c2f76616c75653e3c756e69743e4e4f7820636f6e63656e74726174696f6e20696e207070623c2f756e69743e3c2f4e4f785f47543e3c505430382e53335f4e4f783e3c76616c75653e313730352e303c2f76616c75653e3c756e69743e74756e677374656e206f786964652073656e736f7220726573706f6e73653c2f756e69743e3c2f505430382e53335f4e4f783e3c4e4f325f47543e3c76616c75653e2d3230302e303c2f76616c75653e3c756e69743e4e4f3220636f6e63656e74726174696f6e20696e206d6963726f672f6d5e333c2f756e69743e3c2f4e4f325f47543e3c505430382e53345f4e4f323e3c76616c75653e313233352e303c2f76616c75653e3c756e69743e74756e677374656e206f786964652073656e736f7220726573706f6e73653c2f756e69743e3c2f505430382e53345f4e4f323e3c505430382e53355f4f333e3c76616c75653e3530312e303c2f76616c75653e3c756e69743e696e6469756d206f786964652073656e736f7220726573706f6e73653c2f756e69743e3c2f505430382e53355f4f333e3c54656d70657261747572653e3c76616c75653e31302e333c2f76616c75653e3c756e69743ec2b0433c2f756e69743e3c2f54656d70657261747572653e3c52656c61746976655f48756d69646974793e3c76616c75653e36302e323c2f76616c75653e3c756e69743e253c2f756e69743e3c2f52656c61746976655f48756d69646974793e3c4162736f6c7574655f48756d69646974793e302e373531373c2f4162736f6c7574655f48756d69646974793e3c2f726f6f743e,02:42:52:d7:fa:00,0c:6e:9c:16:00:00,1295,1,1295,1718,,,,,,,,,,,,,,FALSE,0x30,,1226,3c3f786d6c2076657273696f6e3d22312e302220656e636f64696e673d225554462d38223f3e3c726f6f743e3c446174653e3c76616c75653e31312f30332f323030343c2f76616c75653e3c756e69743e44442f4d4d2f595959593c2f756e69743e3c2f446174653e3c54696d653e3c76616c75653e30332e30302e30303c2f76616c75653e3c756e69743e48482e4d4d2e53533c2f756e69743e3c2f54696d653e3c434f5f47543e3c76616c75653e302e363c2f76616c75653e3c756e69743e434f20696e206d672f6d5e333c2f756e69743e3c2f434f5f47543e3c505430382e53315f434f3e3c76616c75653e313031302e303c2f76616c75653e3c756e69743e74696e206f786964652073656e736f7220726573706f6e73653c2f756e69743e3c2f505430382e53315f434f3e3c4e4d48435f47543e3c76616c75653e31392e303c2f76616c75653e3c756e69743e4e6f6e204d6574616e696320487964726f436172626f6e7320636f6e63656e74726174696f6e20696e206d6963726f672f6d5e333c2f756e69743e3c2f4e4d48435f47543e3c433648365f47543e3c76616c75653e312e373c2f76616c75653e3c756e69743e42656e7a656e6520636f6e63656e74726174696f6e20696e206d6963726f672f6d5e333c2f756e69743e3c2f433648365f47543e3c505430382e53325f4e4d48433e3c76616c75653e3536312e303c2f76616c75653e3c756e69743e746974616e69612073656e736f7220726573706f6e73653c2f756e69743e3c2f505430382e53325f4e4d48433e3c4e4f785f47543e3c76616c75653e2d3230302e303c2f76616c75653e3c756e69743e4e4f7820636f6e63656e74726174696f6e20696e207070623c2f756e69743e3c2f4e4f785f47543e3c505430382e53335f4e4f783e3c76616c75653e313730352e303c2f76616c75653e3c756e69743e74756e677374656e206f786964652073656e736f7220726573706f6e73653c2f756e69743e3c2f505430382e53335f4e4f783e3c4e4f325f47543e3c76616c75653e2d3230302e303c2f76616c75653e3c756e69743e4e4f3220636f6e63656e74726174696f6e20696e206d6963726f672f6d5e333c2f756e69743e3c2f4e4f325f47543e3c505430382e53345f4e4f323e3c76616c75653e313233352e303c2f76616c75653e3c756e69743e74756e677374656e206f786964652073656e736f7220726573706f6e73653c2f756e69743e3c2f505430382e53345f4e4f323e3c505430382e53355f4f333e3c76616c75653e3530312e303c2f76616c75653e3c756e69743e696e6469756d206f786964652073656e736f7220726573706f6e73653c2f756e69743e3c2f505430382e53355f4f333e3c54656d70657261747572653e3c76616c75653e31302e333c2f76616c75653e3c756e69743ec2b0433c2f756e69743e3c2f54656d70657261747572653e3c52656c61746976655f48756d69646974793e3c76616c75653e36302e323c2f76616c75653e3c756e69743e253c2f756e69743e3c2f52656c61746976655f48756d69646974793e3c4162736f6c7574655f48756d69646974793e302e373531373c2f4162736f6c7574655f48756d69646974793e3c2f726f6f743e,3,,,,,,0,FALSE,,,Air_quality,36,,,,,,,
0.000076,0.000076,1736885402,5382.31701,,192.168.18.17,192.168.2.1,43701,1883,8,e000,02:42:52:d7:fa:00,0c:6e:9c:16:00:00,68,1,68,1719,,,,,,,,,,,,,,,0xe0,,0,,14,,,,,,,,,,,,,,,,,,
0.000101,603.451612,1736886006,5985.768622,,192.168.18.17,192.168.2.1,54141,1883,9,100c00044d5154540402003c0000,02:42:52:d7:fa:00,0c:6e:9c:16:00:00,80,1,80,1892,,0,,,,TRUE,FALSE,0,FALSE,FALSE,FALSE,FALSE,0x02,,0x10,60,12,,1,,,,4,MQTT,,,,,,,,,4,,,,
0.000241,0.007569,1736886006,5985.776191,,192.168.18.17,192.168.2.1,54141,1883,9,30c9090024636974792f6169722f73656e736f722d696f7473696d2d6169722d7175616c6974792d313c3f786d6c2076657273696f6e3d22312e302220656e636f64696e673d225554462d38223f3e3c726f6f743e3c446174653e3c76616c75653e31312f30332f323030343c2f76616c75653e3c756e69743e44442f4d4d2f595959593c2f756e69743e3c2f446174653e3c54696d653e3c76616c75653e30342e30302e30303c2f76616c75653e3c756e69743e48482e4d4d2e53533c2f756e69743e3c2f54696d653e3c434f5f47543e3c76616c75653e2d3230302e303c2f76616c75653e3c756e69743e434f20696e206d672f6d5e333c2f756e69743e3c2f434f5f47543e3c505430382e53315f434f3e3c76616c75653e313031312e303c2f76616c75653e3c756e69743e74696e206f786964652073656e736f7220726573706f6e73653c2f756e69743e3c2f505430382e53315f434f3e3c4e4d48435f47543e3c76616c75653e31342e303c2f76616c75653e3c756e69743e4e6f6e204d6574616e696320487964726f436172626f6e7320636f6e63656e74726174696f6e20696e206d6963726f672f6d5e333c2f756e69743e3c2f4e4d48435f47543e3c433648365f47543e3c76616c75653e312e333c2f76616c75653e3c756e69743e42656e7a656e6520636f6e63656e74726174696f6e20696e206d6963726f672f6d5e333c2f756e69743e3c2f433648365f47543e3c505430382e53325f4e4d48433e3c76616c75653e3532372e303c2f76616c75653e3c756e69743e746974616e69612073656e736f7220726573706f6e73653c2f756e69743e3c2f505430382e53325f4e4d48433e3c4e4f785f47543e3c76616c75653e32312e303c2f76616c75653e3c756e69743e4e4f7820636f6e63656e74726174696f6e20696e207070623c2f756e69743e3c2f4e4f785f47543e3c505430382e53335f4e4f783e3c76616c75653e313831382e303c2f76616c75653e3c756e69743e74756e677374656e206f786964652073656e736f7220726573706f6e73653c2f756e69743e3c2f505430382e53335f4e4f783e3c4e4f325f47543e3c76616c75653e33342e303c2f76616c75653e3c756e69743e4e4f3220636f6e63656e74726174696f6e20696e206d6963726f672f6d5e333c2f756e69743e3c2f4e4f325f47543e3c505430382e53345f4e4f323e3c76616c75653e313139372e303c2f76616c75653e3c756e69743e74756e677374656e206f786964652073656e736f7220726573706f6e73653c2f756e69743e3c2f505430382e53345f4e4f323e3c505430382e53355f4f333e3c76616c75653e3434352e303c2f76616c75653e3c756e69743e696e6469756d206f786964652073656e736f7220726573706f6e73653c2f756e69743e3c2f505430382e53355f4f333e3c54656d70657261747572653e3c76616c75653e31302e313c2f76616c75653e3c756e69743ec2b0433c2f756e69743e3c2f54656d70657261747572653e3c52656c61746976655f48756d69646974793e3c76616c75653e36302e353c2f76616c75653e3c756e69743e253c2f756e69743e3c2f52656c61746976655f48756d69646974793e3c4162736f6c7574655f48756d69646974793e302e373436353c2f4162736f6c7574655f48756d69646974793e3c2f726f6f743e,02:42:52:d7:fa:00,0c:6e:9c:16:00:00,1294,1,1294,1896,,,,,,,,,,,,,,FALSE,0x30,,1225,3c3f786d6c2076657273696f6e3d22312e302220656e636f64696e673d225554462d38223f3e3c726f6f743e3c446174653e3c76616c75653e31312f30332f323030343c2f76616c75653e3c756e69743e44442f4d4d2f595959593c2f756e69743e3c2f446174653e3c54696d653e3c76616c75653e30342e30302e30303c2f76616c75653e3c756e69743e48482e4d4d2e53533c2f756e69743e3c2f54696d653e3c434f5f47543e3c76616c75653e2d3230302e303c2f76616c75653e3c756e69743e434f20696e206d672f6d5e333c2f756e69743e3c2f434f5f47543e3c505430382e53315f434f3e3c76616c75653e313031312e303c2f76616c75653e3c756e69743e74696e206f786964652073656e736f7220726573706f6e73653c2f756e69743e3c2f505430382e53315f434f3e3c4e4d48435f47543e3c76616c75653e31342e303c2f76616c75653e3c756e69743e4e6f6e204d6574616e696320487964726f436172626f6e7320636f6e63656e74726174696f6e20696e206d6963726f672f6d5e333c2f756e69743e3c2f4e4d48435f47543e3c433648365f47543e3c76616c75653e312e333c2f76616c75653e3c756e69743e42656e7a656e6520636f6e63656e74726174696f6e20696e206d6963726f672f6d5e333c2f756e69743e3c2f433648365f47543e3c505430382e53325f4e4d48433e3c76616c75653e3532372e303c2f76616c75653e3c756e69743e746974616e69612073656e736f7220726573706f6e73653c2f756e69743e3c2f505430382e53325f4e4d48433e3c4e4f785f47543e3c76616c75653e32312e303c2f76616c75653e3c756e69743e4e4f7820636f6e63656e74726174696f6e20696e207070623c2f756e69743e3c2f4e4f785f47543e3c505430382e53335f4e4f783e3c76616c75653e313831382e303c2f76616c75653e3c756e69743e74756e677374656e206f786964652073656e736f7220726573706f6e73653c2f756e69743e3c2f505430382e53335f4e4f783e3c4e4f325f47543e3c76616c75653e33342e303c2f76616c75653e3c756e69743e4e4f3220636f6e63656e74726174696f6e20696e206d6963726f672f6d5e333c2f756e69743e3c2f4e4f325f47543e3c505430382e53345f4e4f323e3c76616c75653e313139372e303c2f76616c75653e3c756e69743e74756e677374656e206f786964652073656e736f7220726573706f6e73653c2f756e69743e3c2f505430382e53345f4e4f323e3c505430382e53355f4f333e3c76616c75653e3434352e303c2f76616c75653e3c756e69743e696e6469756d206f786964652073656e736f7220726573706f6e73653c2f756e69743e3c2f505430382e53355f4f333e3c54656d70657261747572653e3c76616c75653e31302e313c2f76616c75653e3c756e69743ec2b0433c2f756e69743e3c2f54656d70657261747572653e3c52656c61746976655f48756d69646974793e3c76616c75653e36302e353c2f76616c75653e3c756e69743e253c2f756e69743e3c2f52656c61746976655f48756d69646974793e3c4162736f6c7574655f48756d69646974793e302e373436353c2f4162736f6c7574655f48756d69646974793e3c2f726f6f743e,3,,,,,,0,FALSE,,,Air_quality,36,,,,,,,
0.000063,0.000063,1736886006,5985.776254,,192.168.18.17,192.168.2.1,54141,1883,9,e000,02:42:52:d7:fa:00,0c:6e:9c:16:00:00,68,1,68,1897,,,,,,,,,,,,,,,0xe0,,0,,14,,,,,,,,,,,,,,,,,,
0.000078,606.706064,1736886613,6592.482318,,192.168.18.17,192.168.2.1,57691,1883,10,100c00044d5154540402003c0000,02:42:52:d7:fa:00,0c:6e:9c:16:00:00,80,1,80,2079,,0,,,,TRUE,FALSE,0,FALSE,FALSE,FALSE,FALSE,0x02,,0x10,60,12,,1,,,,4,MQTT,,,,,,,,,4,,,,
0.000209,0.005168,1736886613,6592.487486,,192.168.18.17,192.168.2.1,57691,1883,10,30c5090024636974792f6169722f73656e736f722d696f7473696d2d6169722d7175616c6974792d313c3f786d6c2076657273696f6e3d22312e302220656e636f64696e673d225554462d38223f3e3c726f6f743e3c446174653e3c76616c75653e31312f30332f323030343c2f76616c75653e3c756e69743e44442f4d4d2f595959593c2f756e69743e3c2f446174653e3c54696d653e3c76616c75653e30352e30302e30303c2f76616c75653e3c756e69743e48482e4d4d2e53533c2f756e69743e3c2f54696d653e3c434f5f47543e3c76616c75653e302e373c2f76616c75653e3c756e69743e434f20696e206d672f6d5e333c2f756e69743e3c2f434f5f47543e3c505430382e53315f434f3e3c76616c75653e313036362e303c2f76616c75653e3c756e69743e74696e206f786964652073656e736f7220726573706f6e73653c2f756e69743e3c2f505430382e53315f434f3e3c4e4d48435f47543e3c76616c75653e382e303c2f76616c75653e3c756e69743e4e6f6e204d6574616e696320487964726f436172626f6e7320636f6e63656e74726174696f6e20696e206d6963726f672f6d5e333c2f756e69743e3c2f4e4d48435f47543e3c433648365f47543e3c76616c75653e312e313c2f76616c75653e3c756e69743e42656e7a656e6520636f6e63656e74726174696f6e20696e206d6963726f672f6d5e333c2f756e69743e3c2f433648365f47543e3c505430382e53325f4e4d48433e3c76616c75653e3531322e303c2f76616c75653e3c756e69743e746974616e69612073656e736f7220726573706f6e73653c2f756e69743e3c2f505430382e53325f4e4d48433e3c4e4f785f47543e3c76616c75653e31362e303c2f76616c75653e3c756e69743e4e4f7820636f6e63656e74726174696f6e20696e207070623c2f756e69743e3c2f4e4f785f47543e3c505430382e53335f4e4f783e3c76616c75653e313931382e303c2f76616c75653e3c756e69743e74756e677374656e206f786964652073656e736f7220726573706f6e73653c2f756e69743e3c2f505430382e53335f4e4f783e3c4e4f325f47543e3c76616c75653e32382e303c2f76616c75653e3c756e69743e4e4f3220636f6e63656e74726174696f6e20696e206d6963726f672f6d5e333c2f756e69743e3c2f4e4f325f47543e3c505430382e53345f4e4f323e3c76616c75653e313138322e303c2f76616c75653e3c756e69743e74756e677374656e206f786964652073656e736f7220726573706f6e73653c2f756e69743e3c2f505430382e53345f4e4f323e3c505430382e53355f4f333e3c76616c75653e3432322e303c2f76616c75653e3c756e69743e696e6469756d206f786964652073656e736f7220726573706f6e73653c2f756e69743e3c2f505430382e53355f4f333e3c54656d70657261747572653e3c76616c75653e31312e303c2f76616c75653e3c756e69743ec2b0433c2f756e69743e3c2f54656d70657261747572653e3c52656c61746976655f48756d69646974793e3c76616c75653e35362e323c2f76616c75653e3c756e69743e253c2f756e69743e3c2f52656c61746976655f48756d69646974793e3c4162736f6c7574655f48756d69646974793e302e373336363c2f4162736f6c7574655f48756d69646974793e3c2f726f6f743e,02:42:52:d7:fa:00,0c:6e:9c:16:00:00,1290,1,1290,2083,,,,,,,,,,,,,,FALSE,0x30,,1221,3c3f786d6c2076657273696f6e3d22312e302220656e636f64696e673d225554462d38223f3e3c726f6f743e3c446174653e3c76616c75653e31312f30332f323030343c2f76616c75653e3c756e69743e44442f4d4d2f595959593c2f756e69743e3c2f446174653e3c54696d653e3c76616c75653e30352e30302e30303c2f76616c75653e3c756e69743e48482e4d4d2e53533c2f756e69743e3c2f54696d653e3c434f5f47543e3c76616c75653e302e373c2f76616c75653e3c756e69743e434f20696e206d672f6d5e333c2f756e69743e3c2f434f5f47543e3c505430382e53315f434f3e3c76616c75653e313036362e303c2f76616c75653e3c756e69743e74696e206f786964652073656e736f7220726573706f6e73653c2f756e69743e3c2f505430382e53315f434f3e3c4e4d48435f47543e3c76616c75653e382e303c2f76616c75653e3c756e69743e4e6f6e204d6574616e696320487964726f436172626f6e7320636f6e63656e74726174696f6e20696e206d6963726f672f6d5e333c2f756e69743e3c2f4e4d48435f47543e3c433648365f47543e3c76616c75653e312e313c2f76616c75653e3c756e69743e42656e7a656e6520636f6e63656e74726174696f6e20696e206d6963726f672f6d5e333c2f756e69743e3c2f433648365f47543e3c505430382e53325f4e4d48433e3c76616c75653e3531322e303c2f76616c75653e3c756e69743e746974616e69612073656e736f7220726573706f6e73653c2f756e69743e3c2f505430382e53325f4e4d48433e3c4e4f785f47543e3c76616c75653e31362e303c2f76616c75653e3c756e69743e4e4f7820636f6e63656e74726174696f6e20696e207070623c2f756e69743e3c2f4e4f785f47543e3c505430382e53335f4e4f783e3c76616c75653e313931382e303c2f76616c75653e3c756e69743e74756e677374656e206f786964652073656e736f7220726573706f6e73653c2f756e69743e3c2f505430382e53335f4e4f783e3c4e4f325f47543e3c76616c75653e32382e303c2f76616c75653e3c756e69743e4e4f3220636f6e63656e74726174696f6e20696e206d6963726f672f6d5e333c2f756e69743e3c2f4e4f325f47543e3c505430382e53345f4e4f323e3c76616c75653e313138322e303c2f76616c75653e3c756e69743e74756e677374656e206f786964652073656e736f7220726573706f6e73653c2f756e69743e3c2f505430382e53345f4e4f323e3c505430382e53355f4f333e3c76616c75653e3432322e303c2f76616c75653e3c756e69743e696e6469756d206f786964652073656e736f7220726573706f6e73653c2f756e69743e3c2f505430382e53355f4f333e3c54656d70657261747572653e3c76616c75653e31312e303c2f76616c75653e3c756e69743ec2b0433c2f756e69743e3c2f54656d70657261747572653e3c52656c61746976655f48756d69646974793e3c76616c75653e35362e323c2f76616c75653e3c756e69743e253c2f756e69743e3c2f52656c61746976655f48756d69646974793e3c4162736f6c7574655f48756d69646974793e302e373336363c2f4162736f6c7574655f48756d69646974793e3c2f726f6f743e,3,,,,,,0,FALSE,,,Air_quality,36,,,,,,,
0.00006,0.00006,1736886613,6592.487546,,192.168.18.17,192.168.2.1,57691,1883,10,e000,02:42:52:d7:fa:00,0c:6e:9c:16:00:00,68,1,68,2084,,,,,,,,,,,,,,,0xe0,,0,,14,,,,,,,,,,,,,,,,,,
0.000079,600.885185,1736887213,7193.372731,,192.168.18.17,192.168.2.1,41585,1883,11,100c00044d5154540402003c0000,02:42:52:d7:fa:00,0c:6e:9c:16:00:00,80,1,80,2260,,0,,,,TRUE,FALSE,0,FALSE,FALSE,FALSE,FALSE,0x02,,0x10,60,12,,1,,,,4,MQTT,,,,,,,,,4,,,,
0.000244,0.005966,1736887213,7193.378697,,192.168.18.17,192.168.2.1,41585,1883,11,30c6090024636974792f6169722f73656e736f722d696f7473696d2d6169722d7175616c6974792d313c3f786d6c2076657273696f6e3d22312e302220656e636f64696e673d225554462d38223f3e3c726f6f743e3c446174653e3c76616c75653e31312f30332f323030343c2f76616c75653e3c756e69743e44442f4d4d2f595959593c2f756e69743e3c2f446174653e3c54696d653e3c76616c75653e30362e30302e30303c2f76616c75653e3c756e69743e48482e4d4d2e53533c2f756e69743e3c2f54696d653e3c434f5f47543e3c76616c75653e302e373c2f76616c75653e3c756e69743e434f20696e206d672f6d5e333c2f756e69743e3c2f434f5f47543e3c505430382e53315f434f3e3c76616c75653e313035322e303c2f76616c75653e3c756e69743e74696e206f786964652073656e736f7220726573706f6e73653c2f756e69743e3c2f505430382e53315f434f3e3c4e4d48435f47543e3c76616c75653e31362e303c2f76616c75653e3c756e69743e4e6f6e204d6574616e696320487964726f436172626f6e7320636f6e63656e74726174696f6e20696e206d6963726f672f6d5e333c2f756e69743e3c2f4e4d48435f47543e3c433648365f47543e3c76616c75653e312e363c2f76616c75653e3c756e69743e42656e7a656e6520636f6e63656e74726174696f6e20696e206d6963726f672f6d5e333c2f756e69743e3c2f433648365f47543e3c505430382e53325f4e4d48433e3c76616c75653e3535332e303c2f76616c75653e3c756e69743e746974616e69612073656e736f7220726573706f6e73653c2f756e69743e3c2f505430382e53325f4e4d48433e3c4e4f785f47543e3c76616c75653e33342e303c2f76616c75653e3c756e69743e4e4f7820636f6e63656e74726174696f6e20696e207070623c2f756e69743e3c2f4e4f785f47543e3c505430382e53335f4e4f783e3c76616c75653e313733382e303c2f76616c75653e3c756e69743e74756e677374656e206f786964652073656e736f7220726573706f6e73653c2f756e69743e3c2f505430382e53335f4e4f783e3c4e4f325f47543e3c76616c75653e34382e303c2f76616c75653e3c756e69743e4e4f3220636f6e63656e74726174696f6e20696e206d6963726f672f6d5e333c2f756e69743e3c2f4e4f325f47543e3c505430382e53345f4e4f323e3c76616c75653e313232312e303c2f76616c75653e3c756e69743e74756e677374656e206f786964652073656e736f7220726573706f6e73653c2f756e69743e3c2f505430382e53345f4e4f323e3c505430382e53355f4f333e3c76616c75653e3437322e303c2f76616c75653e3c756e69743e696e6469756d206f786964652073656e736f7220726573706f6e73653c2f756e69743e3c2f505430382e53355f4f333e3c54656d70657261747572653e3c76616c75653e31302e353c2f76616c75653e3c756e69743ec2b0433c2f756e69743e3c2f54656d70657261747572653e3c52656c61746976655f48756d69646974793e3c76616c75653e35382e313c2f76616c75653e3c756e69743e253c2f756e69743e3c2f52656c61746976655f48756d69646974793e3c4162736f6c7574655f48756d69646974793e302e373335333c2f4162736f6c7574655f48756d69646974793e3c2f726f6f743e,02:42:52:d7:fa:00,0c:6e:9c:16:00:00,1291,1,1291,2264,,,,,,,,,,,,,,FALSE,0x30,,1222,3c3f786d6c2076657273696f6e3d22312e302220656e636f64696e673d225554462d38223f3e3c726f6f743e3c446174653e3c76616c75653e31312f30332f323030343c2f76616c75653e3c756e69743e44442f4d4d2f595959593c2f756e69743e3c2f446174653e3c54696d653e3c76616c75653e30362e30302e30303c2f76616c75653e3c756e69743e48482e4d4d2e53533c2f756e69743e3c2f54696d653e3c434f5f47543e3c76616c75653e302e373c2f76616c75653e3c756e69743e434f20696e206d672f6d5e333c2f756e69743e3c2f434f5f47543e3c505430382e53315f434f3e3c76616c75653e313035322e303c2f76616c75653e3c756e69743e74696e206f786964652073656e736f7220726573706f6e73653c2f756e69743e3c2f505430382e53315f434f3e3c4e4d48435f47543e3c76616c75653e31362e303c2f76616c75653e3c756e69743e4e6f6e204d6574616e696320487964726f436172626f6e7320636f6e63656e74726174696f6e20696e206d6963726f672f6d5e333c2f756e69743e3c2f4e4d48435f47543e3c433648365f47543e3c76616c75653e312e363c2f76616c75653e3c756e69743e42656e7a656e6520636f6e63656e74726174696f6e20696e206d6963726f672f6d5e333c2f756e69743e3c2f433648365f47543e3c505430382e53325f4e4d48433e3c76616c75653e3535332e303c2f76616c75653e3c756e69743e746974616e69612073656e736f7220726573706f6e73653c2f756e69743e3c2f505430382e53325f4e4d48433e3c4e4f785f47543e3c76616c75653e33342e303c2f76616c75653e3c756e69743e4e4f7820636f6e63656e74726174696f6e20696e207070623c2f756e69743e3c2f4e4f785f47543e3c505430382e53335f4e4f783e3c76616c75653e313733382e303c2f76616c75653e3c756e69743e74756e677374656e206f786964652073656e736f7220726573706f6e73653c2f756e69743e3c2f505430382e53335f4e4f783e3c4e4f325f47543e3c76616c75653e34382e303c2f76616c75653e3c756e69743e4e4f3220636f6e63656e74726174696f6e20696e206d6963726f672f6d5e333c2f756e69743e3c2f4e4f325f47543e3c505430382e53345f4e4f323e3c76616c75653e313232312e303c2f76616c75653e3c756e69743e74756e677374656e206f786964652073656e736f7220726573706f6e73653c2f756e69743e3c2f505430382e53345f4e4f323e3c505430382e53355f4f333e3c76616c75653e3437322e303c2f76616c75653e3c756e69743e696e6469756d206f786964652073656e736f7220726573706f6e73653c2f756e69743e3c2f505430382e53355f4f333e3c54656d70657261747572653e3c76616c75653e31302e353c2f76616c75653e3c756e69743ec2b0433c2f756e69743e3c2f54656d70657261747572653e3c52656c61746976655f48756d69646974793e3c76616c75653e35382e313c2f76616c75653e3c756e69743e253c2f756e69743e3c2f52656c61746976655f48756d69646974793e3c4162736f6c7574655f48756d69646974793e302e373335333c2f4162736f6c7574655f48756d69646974793e3c2f726f6f743e,3,,,,,,0,FALSE,,,Air_quality,36,,,,,,,
0.000082,0.000082,1736887213,7193.378779,,192.168.18.17,192.168.2.1,41585,1883,11,e000,02:42:52:d7:fa:00,0c:6e:9c:16:00:00,68,1,68,2265,,,,,,,,,,,,,,,0xe0,,0,,14,,,,,,,,,,,,,,,,,,
